Picture_title| Picture_url| Picture_description
Bumblebee|https://c3.staticflickr.com/8/7350/10643721146_1a48c13161_c.jpg | Nice insect
Bumblebee 2|https://c4.staticflickr.com/9/8754/17146884707_0795be28d4_h.jpg |
Cuba Car|https://c5.staticflickr.com/6/5010/5287262740_a553142d9a_n.jpg | Cuban car
Cuban Car| https:// | Cubar car

<b>Click me</b>

City 1|https://c5.staticflickr.com/6/5612/30635758292_85b1e7a388_k.jpg | City in the night
City 2| https://c5.staticflickr.com/123/invalid/url| Another city in the night

Added 1 | https://em.wattpad.com/b057a7f93c026837c604cf2a8b11ec434fe29377/68747470733a2f2f73332e616d617a6f6e6177732e636f6d2f776174747061642d6d656469612d736572766963652f53746f7279496d6167652f39595f7a52776868444d4f7471513d3d2d33382e313532656338303865316336353732393930373436333237383933372e676966 | any comment1
